"gene","human_dir","n_mouse_sig","n_concordant","GSE79962","GSE267388","GSE207363","GSE207177","GSE190856"
"S100A8","Up",3,3,1.913130271261,3.27663052631314,1.71345169127938,2.83161825243376,4.97938838198899
"CCL2","Up",3,3,1.83595335923754,4.19417189609699,-0.218743615408593,2.91157375070946,1.20862176299879
"CYP1B1","Up",3,3,1.70877727565983,3.4884800645408,2.54182989220868,1.82313762832064,NA
"DEPP1","Up",4,3,1.54976680131966,1.6503391937876,2.3602213116311,2.19185387102028,-1.00970972950817
"SERPINA3","Up",3,3,1.41293494721408,6.63964051029042,5.39381541102837,5.67984319857382,NA
"TIMP1","Up",3,3,1.36051299853374,3.64605085334349,2.84253248857606,3.59197988746034,NA
"SOCS3","Up",3,3,1.34772090762464,4.25746880835025,0.324442452837038,1.22692792502324,1.06699356833124
"NREP","Down",3,3,-1.29926274340175,0.243986874832006,-2.11342767502642,-3.02174437734403,-2.80012661733834
"OSMR","Up",4,3,1.29121315982405,2.75503095801243,1.20503672344842,1.4689830612867,-1.41969902801085
"POR","Up",3,3,1.25147494428153,1.09056886500198,1.14807842174126,2.11133559119012,0.215112094700531
"TGM2","Up",3,3,1.04148392008799,1.85135591531912,2.16320957444416,2.22033877174906,-0.280438950296077
"UCHL1","Up",3,3,1.02024265395895,1.27922651666437,1.99468337040398,2.53529220352594,NA
"THBS1","Up",2,2,2.44477071554253,1.11285214264,-0.120485697835266,1.62977759048189,NA
"RRAD","Up",2,2,2.37281236656892,2.63198235396269,0.00507088020225832,1.27648983947419,0.848107388575486
"ADAMTS9","Up",3,2,2.29367976392963,1.88046022757992,0.521301415986693,2.85980699199149,-2.40090409205675
"SERPINE1","Up",2,2,2.07371051466276,4.65259933484177,0.931192944268985,1.2775721510659,NA
"CCL11","Up",2,2,2.02151189002933,2.09364676261522,NA,2.14682075775778,NA
"PLIN2","Up",2,2,2.00767443548388,2.38018180224429,1.09536921216891,0.0127968278944133,0.464874858653896
"STC1","Up",2,2,2.00298886290323,1.12346369643803,NA,4.73761525419303,NA
"PI15","Up",2,2,1.6417207228739,1.49824185665824,0.283062026089662,2.2757399431067,NA
"HILPDA","Up",2,2,1.6281168739003,2.07805230069547,0.798315402538291,2.7984622286377,0.205981023606232
"PTX3","Up",2,2,1.6068132170088,7.41069855202229,0.361575507084089,6.14716557801377,NA
"S100A9","Up",2,2,1.59591128739004,3.2582561711702,0.85623781406678,2.51548636242725,4.68001187827684
"CP","Up",2,2,1.58074534017596,2.32956316817748,1.01724040909274,0.655426793154864,0.172455841566456
"RNF122","Up",2,2,1.51996329912024,1.40409996057837,NA,1.3869793227483,NA
"CHI3L1","Up",2,2,1.47646640909091,1.73688677371993,NA,4.20688485435603,NA
"ASB2","Down",2,2,-1.46196879032257,-4.87723268033849,NA,-1.51549111241642,NA
"HAMP","Up",2,2,1.44809346260997,5.04587522842392,NA,5.26374963091625,NA
"CEMIP2","Up",2,2,1.4357958797654,1.47564953867881,0.4109016293095,2.63440174059867,-0.864918008997989
"CISH","Up",2,2,1.41298431085045,1.35280697459264,NA,1.53328753291277,NA
"BHLHE40","Up",2,2,1.39107468768329,1.02333578927556,-0.523091596147398,1.93396224986205,-0.943507874477146
"CYP4B1","Down",2,2,-1.34376342375366,-0.173929585383195,0.569666024932386,-1.79835444212152,-1.25801875159037
"HSPA1A","Up",3,2,1.2980011909091,0.117622996962644,1.98350399064551,1.00522179677538,-2.12530768343202
"CEBPD","Up",2,2,1.24372294574781,3.19063647268194,0.539187012135401,1.49060381923761,0.0175139822143564
"IL1R2","Up",2,2,1.23649952639297,2.80936058178203,NA,4.86618023988263,NA
"STAT3","Up",2,2,1.19788170601174,1.92371557320323,0.315898223102555,1.73577686680471,-0.00586159675742463
"VCAN","Up",3,2,1.1932279222874,2.1413642186934,0.380551022411191,1.2069897454305,-1.93127333620244
"MYC","Up",2,2,1.19047238782992,3.66308917229371,-0.329792228483564,3.03386139339215,-0.448721153153028
"IER3","Up",2,2,1.16466790322581,2.59695218245646,-0.208735029860166,1.06145438298595,0.637557152249858
"MRC1","Down",2,2,-1.16234055425219,-1.27315421878696,-2.58921552405859,-0.169479976924134,0.393044652293336
"MAMDC2","Down",2,2,-1.15154794574779,-1.51977696303254,NA,-1.48446869939005,NA
"TSPAN12","Down",2,2,-1.13047153005864,-1.49438923613457,-0.0387774901042282,-0.550363483105229,-2.23805316013892
"HIGD1B","Down",2,2,-1.12665884384163,-1.74920442570195,NA,-1.61314408125674,NA
"GPR22","Down",2,2,-1.12368157478005,-3.20498963731424,NA,-1.22236043789123,NA
"PDK4","Up",2,2,1.10111760997069,4.22554255460109,2.52078299960304,0.176796616348485,NA
"F13A1","Down",2,2,-1.07019360850439,-2.06904833665106,-0.685165038034524,-1.29592850154153,0.680477825104005
"MARCHF3","Up",2,2,1.06946167375367,1.01822255948147,NA,3.18056333983458,NA
"PPP2R3A","Down",2,2,-1.06773822214075,-1.00819732877791,0.16786963927591,-0.154010477088833,-1.43952624476134
"SLC7A5","Up",2,2,1.04635284090909,1.85651279188211,NA,2.18953203575046,NA
"AIF1L","Down",2,2,-1.02091425733137,-1.28847786240101,NA,-2.15271555360716,NA
"NPPB","Up",1,1,3.59023222140763,2.69881285513305,NA,-0.0772559306935634,NA
"SMCO1","Down",1,1,-2.71405816422286,-2.19113438733708,NA,0.145233300734787,NA
"FSD2","Down",1,1,-2.23673880791788,-1.94698896046507,NA,-0.13757984878244,NA
"ANGPT2","Up",1,1,2.14271549706746,1.46438517057454,NA,-0.442789505326821,NA
"GADD45B","Up",1,1,2.10179424926687,1.31013882050505,-0.281957390362944,0.723446595705088,0.426341682222945
"MYL7","Down",1,1,-1.890324914956,-3.04910886536567,NA,0.045474807201046,NA
"MID1","Up",1,1,1.83125793914956,1.12535827764013,0.310046539054391,0.441592226790265,0.394736211912286
"SERPINE2","Up",2,1,1.81581831524928,1.16520020053325,0.931855958849587,0.35539978059441,-2.50164266339603
"HLF","Down",1,1,-1.79438032038122,-2.42198873150825,NA,-0.64755994338317,NA
"FBXO40","Down",1,1,-1.66180042082111,-0.612900558778637,NA,-1.00937189365046,NA
"JUNB","Up",1,1,1.65844956158358,2.23763927380642,-0.456495991101843,0.30230969212438,0.192969564449659
"TMEM182","Down",1,1,-1.57933770087975,-0.403152818893378,NA,-3.03962452244463,NA
"AQP4","Down",1,1,-1.5710462947214,-1.00424743985258,NA,NA,NA
"MID1IP1","Up",1,1,1.55152326759531,1.70346628982343,-0.194237682981576,0.422570322420721,0.286685201031641
"ASB15","Down",1,1,-1.54166659310849,-2.46281812027177,NA,-0.69825810566757,NA
"PNP","Up",1,1,1.42065979472141,1.6688535979339,0.240046026541237,0.62466510031101,0.463958768275681
"ZFP36","Up",1,1,1.38554720381232,2.32018512549796,-0.629170431885513,0.386063869209833,0.0235090755938288
"CAVIN4","Down",1,1,-1.37937508211143,-1.17663233587609,NA,-0.34965241990904,NA
"G0S2","Down",1,1,-1.37347548826979,-0.646530433142501,0.189252566347825,-1.70931450820619,-0.0300085286372117
"ETS2","Up",1,1,1.36447667448681,0.795359742902955,0.0966511785445933,1.2462308862981,-0.487472091827018
"VIT","Down",1,1,-1.30105241129032,-1.17812125710662,NA,-1.00041291048591,NA
"TGIF1","Up",1,1,1.29904477584312,0.685816181186759,-0.0467572960558595,1.49633634306224,0.0502111245125898
"SLCO2A1","Up",1,1,1.2631292595308,0.185181420272607,NA,1.65822392919315,NA
"KLHL31","Down",1,1,-1.23335617741934,-1.25467202027895,NA,-0.457656316793198,NA
"SAT1","Up",1,1,1.22954644428154,1.56021122093354,-0.107530665449485,0.941789748169105,0.664728326850818
"RIPK2","Up",1,1,1.22755796041056,1.44512099291673,0.781007259160064,0.951983266010328,-0.185268666433974
"FITM2","Down",1,1,-1.22261818035189,-1.30796479429826,NA,0.191265879753462,NA
"NAMPT","Up",1,1,1.19840573973608,1.71388938482146,0.475372571117093,0.779750365796681,-0.272496410341034
"TFPI2","Up",1,1,1.1853841143695,1.19502969948518,NA,0.625462042892785,NA
"NR4A3","Up",1,1,1.17893228445748,0.190568854963275,0.389444911241732,1.50239254913448,NA
"SERPINB1","Up",2,1,1.17303438856306,1.17460867446781,NA,-1.13536697795081,0.0504580773348224
"RAB15","Up",1,1,1.1550270366569,0.110436678464783,NA,1.13819165374927,NA
"XIRP1","Up",1,1,1.14717919061585,2.00154058307604,NA,0.61953083529275,NA
"ELL2","Up",1,1,1.13435914662758,0.930915051661601,0.770353853396097,1.94314289289708,-0.434642265498642
"CA14","Down",1,1,-1.12390403739002,-1.74535399592408,NA,0.760674747068964,NA
"MFAP5","Down",1,1,-1.09067288709676,-0.302236724253592,0.127443225404587,-0.669818095827202,-2.87910559386903
"TENT5C","Down",2,1,-1.07958566129031,-1.15327817236051,-0.389178838262498,1.18981236135668,NA
"HECW2","Down",1,1,-1.07886776612903,0.195981925932346,0.897279798878719,-0.815463647141858,-1.44254526830212
"PDP1","Down",1,1,-1.07138290322579,-1.30108730956664,NA,-0.763993592231822,NA
"FABP4","Down",1,1,-1.06305960410556,0.353718132641403,0.805621265343582,-0.714424944462642,-1.5325176807309
"USP2","Down",1,1,-1.059548664956,-1.35289096630476,NA,0.394227259944364,NA
"FAM180A","Down",1,1,-1.05606827785923,-1.14597601227499,NA,NA,NA
"BTG2","Up",1,1,1.0439146935484,1.95442840153139,-0.290962339094254,-0.278265936830392,-0.471149107389369
"MLF1","Down",2,1,-1.02608181304984,-1.42938623505325,NA,1.15991673424684,NA
"LSMEM2","Down",1,1,-1.01815459237536,-0.725189117010392,NA,-2.57579086879073,NA
"MS4A4A","Down",3,1,-1.01755586510263,3.14693292073737,0.606461171965822,1.39647876744656,-2.72387912612981
