"gene","sample_id","expr","time","group"
"Vdac1","fpkm_WT_LPS_1",9.18368500039778,"Group_B","LPS"
"Vdac1","fpkm_WT_LPS_2",9.230885072834,"Group_B","LPS"
"Vdac1","fpkm_WT_LPS_3",9.15719533072068,"Group_B","LPS"
"Vdac1","fpkm_WT_LPS_4",9.18571790835797,"Group_B","LPS"
"Vdac1","fpkm_WT_LPS_5",9.08188283689867,"Group_B","LPS"
"Vdac1","fpkm_WT_PBS_1",9.58794624272345,"Group_A","PBS"
"Vdac1","fpkm_WT_PBS_2",9.51106078479333,"Group_A","PBS"
"Vdac1","fpkm_WT_PBS_3",9.2637856138908,"Group_A","PBS"
"Vdac1","fpkm_WT_PBS_4",9.40975156482122,"Group_A","PBS"
"Vdac1","fpkm_WT_PBS_5",9.43685726154958,"Group_A","PBS"
"Vdac2","fpkm_WT_LPS_1",8.34451784392747,"Group_B","LPS"
"Vdac2","fpkm_WT_LPS_2",8.38754348679336,"Group_B","LPS"
"Vdac2","fpkm_WT_LPS_3",8.22023320438219,"Group_B","LPS"
"Vdac2","fpkm_WT_LPS_4",8.3743005127614,"Group_B","LPS"
"Vdac2","fpkm_WT_LPS_5",8.24806987764029,"Group_B","LPS"
"Vdac2","fpkm_WT_PBS_1",8.62983015436565,"Group_A","PBS"
"Vdac2","fpkm_WT_PBS_2",8.43371061533311,"Group_A","PBS"
"Vdac2","fpkm_WT_PBS_3",8.22245682592747,"Group_A","PBS"
"Vdac2","fpkm_WT_PBS_4",8.49896884455987,"Group_A","PBS"
"Vdac2","fpkm_WT_PBS_5",8.63890647803141,"Group_A","PBS"
"Vdac3","fpkm_WT_LPS_1",7.9282518702876,"Group_B","LPS"
"Vdac3","fpkm_WT_LPS_2",8.32660925100527,"Group_B","LPS"
"Vdac3","fpkm_WT_LPS_3",7.75728999237877,"Group_B","LPS"
"Vdac3","fpkm_WT_LPS_4",7.876516946565,"Group_B","LPS"
"Vdac3","fpkm_WT_LPS_5",7.79746699205916,"Group_B","LPS"
"Vdac3","fpkm_WT_PBS_1",8.61893604416221,"Group_A","PBS"
"Vdac3","fpkm_WT_PBS_2",8.31247458757651,"Group_A","PBS"
"Vdac3","fpkm_WT_PBS_3",8.01167453338092,"Group_A","PBS"
"Vdac3","fpkm_WT_PBS_4",8.83450265303437,"Group_A","PBS"
"Vdac3","fpkm_WT_PBS_5",8.86102485326131,"Group_A","PBS"
"Itpr1","fpkm_WT_LPS_1",2.13093086982645,"Group_B","LPS"
"Itpr1","fpkm_WT_LPS_2",1.85199883711245,"Group_B","LPS"
"Itpr1","fpkm_WT_LPS_3",1.77820857639809,"Group_B","LPS"
"Itpr1","fpkm_WT_LPS_4",1.73984810269933,"Group_B","LPS"
"Itpr1","fpkm_WT_LPS_5",1.96716860753263,"Group_B","LPS"
"Itpr1","fpkm_WT_PBS_1",2.66902676550963,"Group_A","PBS"
"Itpr1","fpkm_WT_PBS_2",2.92029330021101,"Group_A","PBS"
"Itpr1","fpkm_WT_PBS_3",2.39506279951758,"Group_A","PBS"
"Itpr1","fpkm_WT_PBS_4",2.73552217729654,"Group_A","PBS"
"Itpr1","fpkm_WT_PBS_5",2.72683121703249,"Group_A","PBS"
"Itpr2","fpkm_WT_LPS_1",1.34482849699744,"Group_B","LPS"
"Itpr2","fpkm_WT_LPS_2",0.910732661902913,"Group_B","LPS"
"Itpr2","fpkm_WT_LPS_3",1,"Group_B","LPS"
"Itpr2","fpkm_WT_LPS_4",1.0703893278914,"Group_B","LPS"
"Itpr2","fpkm_WT_LPS_5",1.09085343045111,"Group_B","LPS"
"Itpr2","fpkm_WT_PBS_1",1.61823865559545,"Group_A","PBS"
"Itpr2","fpkm_WT_PBS_2",1.93357263826102,"Group_A","PBS"
"Itpr2","fpkm_WT_PBS_3",1.66902676550963,"Group_A","PBS"
"Itpr2","fpkm_WT_PBS_4",1.55581615506164,"Group_A","PBS"
"Itpr2","fpkm_WT_PBS_5",1.61353165291793,"Group_A","PBS"
"Itpr3","fpkm_WT_LPS_1",1.33342373372519,"Group_B","LPS"
"Itpr3","fpkm_WT_LPS_2",1.20163386116965,"Group_B","LPS"
"Itpr3","fpkm_WT_LPS_3",1.34482849699744,"Group_B","LPS"
"Itpr3","fpkm_WT_LPS_4",1.43295940727611,"Group_B","LPS"
"Itpr3","fpkm_WT_LPS_5",1.36737106564853,"Group_B","LPS"
"Itpr3","fpkm_WT_PBS_1",1.95233356636969,"Group_A","PBS"
"Itpr3","fpkm_WT_PBS_2",2.18586654531133,"Group_A","PBS"
"Itpr3","fpkm_WT_PBS_3",2.08746284125034,"Group_A","PBS"
"Itpr3","fpkm_WT_PBS_4",1.9560566524124,"Group_A","PBS"
"Itpr3","fpkm_WT_PBS_5",1.95977015521147,"Group_A","PBS"
"Hspa9","fpkm_WT_LPS_1",8.49285462017475,"Group_B","LPS"
"Hspa9","fpkm_WT_LPS_2",8.43454483244951,"Group_B","LPS"
"Hspa9","fpkm_WT_LPS_3",8.28419947178059,"Group_B","LPS"
"Hspa9","fpkm_WT_LPS_4",8.33355790671212,"Group_B","LPS"
"Hspa9","fpkm_WT_LPS_5",8.43612851725925,"Group_B","LPS"
"Hspa9","fpkm_WT_PBS_1",8.56666296296261,"Group_A","PBS"
"Hspa9","fpkm_WT_PBS_2",8.61257366358218,"Group_A","PBS"
"Hspa9","fpkm_WT_PBS_3",8.46160222461833,"Group_A","PBS"
"Hspa9","fpkm_WT_PBS_4",8.47621965072303,"Group_A","PBS"
"Hspa9","fpkm_WT_PBS_5",8.53896488745146,"Group_A","PBS"
"Mfn1","fpkm_WT_LPS_1",6.21723071622067,"Group_B","LPS"
"Mfn1","fpkm_WT_LPS_2",6.03913839390696,"Group_B","LPS"
"Mfn1","fpkm_WT_LPS_3",5.8703647195834,"Group_B","LPS"
"Mfn1","fpkm_WT_LPS_4",6.07339181605292,"Group_B","LPS"
"Mfn1","fpkm_WT_LPS_5",6.02192383855476,"Group_B","LPS"
"Mfn1","fpkm_WT_PBS_1",6.92599941855622,"Group_A","PBS"
"Mfn1","fpkm_WT_PBS_2",6.94626298433245,"Group_A","PBS"
"Mfn1","fpkm_WT_PBS_3",6.57213175138666,"Group_A","PBS"
"Mfn1","fpkm_WT_PBS_4",6.86876083388082,"Group_A","PBS"
"Mfn1","fpkm_WT_PBS_5",6.90881290773955,"Group_A","PBS"
"Mfn2","fpkm_WT_LPS_1",7.21480479494805,"Group_B","LPS"
"Mfn2","fpkm_WT_LPS_2",7.11155302614733,"Group_B","LPS"
"Mfn2","fpkm_WT_LPS_3",7.01312722979982,"Group_B","LPS"
"Mfn2","fpkm_WT_LPS_4",7.17562439668642,"Group_B","LPS"
"Mfn2","fpkm_WT_LPS_5",7.0614522027414,"Group_B","LPS"
"Mfn2","fpkm_WT_PBS_1",7.90219420094376,"Group_A","PBS"
"Mfn2","fpkm_WT_PBS_2",7.96382088399119,"Group_A","PBS"
"Mfn2","fpkm_WT_PBS_3",7.64724254570919,"Group_A","PBS"
"Mfn2","fpkm_WT_PBS_4",7.62322307589651,"Group_A","PBS"
"Mfn2","fpkm_WT_PBS_5",7.75228028166775,"Group_A","PBS"
"Phb2","fpkm_WT_LPS_1",7.44956137461324,"Group_B","LPS"
"Phb2","fpkm_WT_LPS_2",7.14200491598488,"Group_B","LPS"
"Phb2","fpkm_WT_LPS_3",7.20867331962947,"Group_B","LPS"
"Phb2","fpkm_WT_LPS_4",7.35288208652296,"Group_B","LPS"
"Phb2","fpkm_WT_LPS_5",7.24040974251723,"Group_B","LPS"
"Phb2","fpkm_WT_PBS_1",7.7629467138116,"Group_A","PBS"
"Phb2","fpkm_WT_PBS_2",7.59529478400598,"Group_A","PBS"
"Phb2","fpkm_WT_PBS_3",7.54758863805966,"Group_A","PBS"
"Phb2","fpkm_WT_PBS_4",7.4966540825935,"Group_A","PBS"
"Phb2","fpkm_WT_PBS_5",7.42969964478184,"Group_A","PBS"
"Sigmar1","fpkm_WT_LPS_1",3.35755200461808,"Group_B","LPS"
"Sigmar1","fpkm_WT_LPS_2",2.93922657772821,"Group_B","LPS"
"Sigmar1","fpkm_WT_LPS_3",3.45022149589718,"Group_B","LPS"
"Sigmar1","fpkm_WT_LPS_4",3.43295940727611,"Group_B","LPS"
"Sigmar1","fpkm_WT_LPS_5",3.38818953715608,"Group_B","LPS"
"Sigmar1","fpkm_WT_PBS_1",3.63575439127776,"Group_A","PBS"
"Sigmar1","fpkm_WT_PBS_2",3.6724253419715,"Group_A","PBS"
"Sigmar1","fpkm_WT_PBS_3",3.82273014794452,"Group_A","PBS"
"Sigmar1","fpkm_WT_PBS_4",3.51222688651396,"Group_A","PBS"
"Sigmar1","fpkm_WT_PBS_5",3.4944156103975,"Group_A","PBS"
"Pacs2","fpkm_WT_LPS_1",3.78450398292957,"Group_B","LPS"
"Pacs2","fpkm_WT_LPS_2",3.50080205305716,"Group_B","LPS"
"Pacs2","fpkm_WT_LPS_3",3.70043971814109,"Group_B","LPS"
"Pacs2","fpkm_WT_LPS_4",3.93640237772506,"Group_B","LPS"
"Pacs2","fpkm_WT_LPS_5",3.99909803370561,"Group_B","LPS"
"Pacs2","fpkm_WT_PBS_1",3.88752527074159,"Group_A","PBS"
"Pacs2","fpkm_WT_PBS_2",4.27127625917593,"Group_A","PBS"
"Pacs2","fpkm_WT_PBS_3",4.04001567884788,"Group_A","PBS"
"Pacs2","fpkm_WT_PBS_4",3.74308405554959,"Group_A","PBS"
"Pacs2","fpkm_WT_PBS_5",3.5909612413426,"Group_A","PBS"
"Fis1","fpkm_WT_LPS_1",7.59991284218713,"Group_B","LPS"
"Fis1","fpkm_WT_LPS_2",7.8703647195834,"Group_B","LPS"
"Fis1","fpkm_WT_LPS_3",7.59006301881225,"Group_B","LPS"
"Fis1","fpkm_WT_LPS_4",7.50135952403019,"Group_B","LPS"
"Fis1","fpkm_WT_LPS_5",7.43387749735076,"Group_B","LPS"
"Fis1","fpkm_WT_PBS_1",7.73362549840823,"Group_A","PBS"
"Fis1","fpkm_WT_PBS_2",7.49249415167943,"Group_A","PBS"
"Fis1","fpkm_WT_PBS_3",7.67539254304278,"Group_A","PBS"
"Fis1","fpkm_WT_PBS_4",7.97004835426884,"Group_A","PBS"
"Fis1","fpkm_WT_PBS_5",7.88624528604204,"Group_A","PBS"
"Mtch2","fpkm_WT_LPS_1",6.70653055253812,"Group_B","LPS"
"Mtch2","fpkm_WT_LPS_2",6.90580816836688,"Group_B","LPS"
"Mtch2","fpkm_WT_LPS_3",6.49505552836802,"Group_B","LPS"
"Mtch2","fpkm_WT_LPS_4",6.53620835469226,"Group_B","LPS"
"Mtch2","fpkm_WT_LPS_5",6.69877410890368,"Group_B","LPS"
"Mtch2","fpkm_WT_PBS_1",6.87504280300259,"Group_A","PBS"
"Mtch2","fpkm_WT_PBS_2",6.67058544026221,"Group_A","PBS"
"Mtch2","fpkm_WT_PBS_3",6.5957423394744,"Group_A","PBS"
"Mtch2","fpkm_WT_PBS_4",7.0666274090952,"Group_A","PBS"
"Mtch2","fpkm_WT_PBS_5",7.03782146543497,"Group_A","PBS"
"Cisd3","fpkm_WT_LPS_1",5.87970576628229,"Group_B","LPS"
"Cisd3","fpkm_WT_LPS_2",6.19298316997399,"Group_B","LPS"
"Cisd3","fpkm_WT_LPS_3",5.80012335282653,"Group_B","LPS"
"Cisd3","fpkm_WT_LPS_4",5.98754825895374,"Group_B","LPS"
"Cisd3","fpkm_WT_LPS_5",5.73362549840823,"Group_B","LPS"
"Cisd3","fpkm_WT_PBS_1",6.51601514700366,"Group_A","PBS"
"Cisd3","fpkm_WT_PBS_2",6.17272751801285,"Group_A","PBS"
"Cisd3","fpkm_WT_PBS_3",5.73876783680019,"Group_A","PBS"
"Cisd3","fpkm_WT_PBS_4",6.49217365961083,"Group_A","PBS"
"Cisd3","fpkm_WT_PBS_5",6.55320688623026,"Group_A","PBS"
"Pdzd8","fpkm_WT_LPS_1",2.83794324189103,"Group_B","LPS"
"Pdzd8","fpkm_WT_LPS_2",2.88557436437143,"Group_B","LPS"
"Pdzd8","fpkm_WT_LPS_3",2.63459326844576,"Group_B","LPS"
"Pdzd8","fpkm_WT_LPS_4",2.75488750216347,"Group_B","LPS"
"Pdzd8","fpkm_WT_LPS_5",2.81762325751143,"Group_B","LPS"
"Pdzd8","fpkm_WT_PBS_1",2.42492208821069,"Group_A","PBS"
"Pdzd8","fpkm_WT_PBS_2",2.48284828306847,"Group_A","PBS"
"Pdzd8","fpkm_WT_PBS_3",2.62293035092018,"Group_A","PBS"
"Pdzd8","fpkm_WT_PBS_4",2.61588707391606,"Group_A","PBS"
"Pdzd8","fpkm_WT_PBS_5",2.82578562746479,"Group_A","PBS"
"Vapb","fpkm_WT_LPS_1",4.62293035092018,"Group_B","LPS"
"Vapb","fpkm_WT_LPS_2",4.3212065669699,"Group_B","LPS"
"Vapb","fpkm_WT_LPS_3",4.4937754084607,"Group_B","LPS"
"Vapb","fpkm_WT_LPS_4",4.49697358099828,"Group_B","LPS"
"Vapb","fpkm_WT_LPS_5",4.40599235967584,"Group_B","LPS"
"Vapb","fpkm_WT_PBS_1",4.85299758761332,"Group_A","PBS"
"Vapb","fpkm_WT_PBS_2",4.78972925137577,"Group_A","PBS"
"Vapb","fpkm_WT_PBS_3",4.76553474636298,"Group_A","PBS"
"Vapb","fpkm_WT_PBS_4",4.60288440871842,"Group_A","PBS"
"Vapb","fpkm_WT_PBS_5",4.54163873443614,"Group_A","PBS"
"Vapa","fpkm_WT_LPS_1",6.69529790115733,"Group_B","LPS"
"Vapa","fpkm_WT_LPS_2",6.58751501381819,"Group_B","LPS"
"Vapa","fpkm_WT_LPS_3",6.47135006337852,"Group_B","LPS"
"Vapa","fpkm_WT_LPS_4",6.53977919169849,"Group_B","LPS"
"Vapa","fpkm_WT_LPS_5",6.56254772419912,"Group_B","LPS"
"Vapa","fpkm_WT_PBS_1",6.08618931310448,"Group_A","PBS"
"Vapa","fpkm_WT_PBS_2",5.93969674069176,"Group_A","PBS"
"Vapa","fpkm_WT_PBS_3",6.10055722078293,"Group_A","PBS"
"Vapa","fpkm_WT_PBS_4",6.08385158769796,"Group_A","PBS"
"Vapa","fpkm_WT_PBS_5",6.14934066928622,"Group_A","PBS"
"Rras2","fpkm_WT_LPS_1",6.23916887866545,"Group_B","LPS"
"Rras2","fpkm_WT_LPS_2",5.74846123300404,"Group_B","LPS"
"Rras2","fpkm_WT_LPS_3",6.35825558670513,"Group_B","LPS"
"Rras2","fpkm_WT_LPS_4",5.90616906769106,"Group_B","LPS"
"Rras2","fpkm_WT_LPS_5",6.55090066464752,"Group_B","LPS"
"Rras2","fpkm_WT_PBS_1",5.18507363787676,"Group_A","PBS"
"Rras2","fpkm_WT_PBS_2",4.94345253855882,"Group_A","PBS"
"Rras2","fpkm_WT_PBS_3",5.14323013477689,"Group_A","PBS"
"Rras2","fpkm_WT_PBS_4",5.10307794659757,"Group_A","PBS"
"Rras2","fpkm_WT_PBS_5",4.98959318493877,"Group_A","PBS"
"Mcu","fpkm_WT_LPS_1",3.1554254317472,"Group_B","LPS"
"Mcu","fpkm_WT_LPS_2",2.61588707391606,"Group_B","LPS"
"Mcu","fpkm_WT_LPS_3",2.92219784839637,"Group_B","LPS"
"Mcu","fpkm_WT_LPS_4",2.8499992594661,"Group_B","LPS"
"Mcu","fpkm_WT_LPS_5",2.88166461932035,"Group_B","LPS"
"Mcu","fpkm_WT_PBS_1",3.52857131887076,"Group_A","PBS"
"Mcu","fpkm_WT_PBS_2",3.35614381022528,"Group_A","PBS"
"Mcu","fpkm_WT_PBS_3",3.21101219348551,"Group_A","PBS"
"Mcu","fpkm_WT_PBS_4",3.30597052098439,"Group_A","PBS"
"Mcu","fpkm_WT_PBS_5",3.16027483140859,"Group_A","PBS"
"Micu1","fpkm_WT_LPS_1",3.22804904788446,"Group_B","LPS"
"Micu1","fpkm_WT_LPS_2",3.03913839390696,"Group_B","LPS"
"Micu1","fpkm_WT_LPS_3",3.44493204894218,"Group_B","LPS"
"Micu1","fpkm_WT_LPS_4",3.12101540096137,"Group_B","LPS"
"Micu1","fpkm_WT_LPS_5",3.33628338786443,"Group_B","LPS"
"Micu1","fpkm_WT_PBS_1",3.55704241526372,"Group_A","PBS"
"Micu1","fpkm_WT_PBS_2",3.34908214639109,"Group_A","PBS"
"Micu1","fpkm_WT_PBS_3",3.83995958748953,"Group_A","PBS"
"Micu1","fpkm_WT_PBS_4",3.53356334821451,"Group_A","PBS"
"Micu1","fpkm_WT_PBS_5",3.45549162062847,"Group_A","PBS"
"Micu2","fpkm_WT_LPS_1",5.5197934862411,"Group_B","LPS"
"Micu2","fpkm_WT_LPS_2",5.62439338221977,"Group_B","LPS"
"Micu2","fpkm_WT_LPS_3",5.49857001254426,"Group_B","LPS"
"Micu2","fpkm_WT_LPS_4",5.5765221379205,"Group_B","LPS"
"Micu2","fpkm_WT_LPS_5",5.51822038059959,"Group_B","LPS"
"Micu2","fpkm_WT_PBS_1",5.78738022229634,"Group_A","PBS"
"Micu2","fpkm_WT_PBS_2",5.82883464946806,"Group_A","PBS"
"Micu2","fpkm_WT_PBS_3",5.74899785009815,"Group_A","PBS"
"Micu2","fpkm_WT_PBS_4",5.86393845042397,"Group_A","PBS"
"Micu2","fpkm_WT_PBS_5",5.86616616903904,"Group_A","PBS"
"Micu3","fpkm_WT_LPS_1",1.95977015521147,"Group_B","LPS"
"Micu3","fpkm_WT_LPS_2",2.02502879449152,"Group_B","LPS"
"Micu3","fpkm_WT_LPS_3",1.62293035092018,"Group_B","LPS"
"Micu3","fpkm_WT_LPS_4",2.0036022366802,"Group_B","LPS"
"Micu3","fpkm_WT_LPS_5",1.92599941855622,"Group_B","LPS"
"Micu3","fpkm_WT_PBS_1",1.66448284036468,"Group_A","PBS"
"Micu3","fpkm_WT_PBS_2",1.87970576628229,"Group_A","PBS"
"Micu3","fpkm_WT_PBS_3",1.81557542886257,"Group_A","PBS"
"Micu3","fpkm_WT_PBS_4",1.54596836910529,"Group_A","PBS"
"Micu3","fpkm_WT_PBS_5",1.79493566280354,"Group_A","PBS"
"Slc8a1","fpkm_WT_LPS_1",3.76977173924945,"Group_B","LPS"
"Slc8a1","fpkm_WT_LPS_2",3.5933537709803,"Group_B","LPS"
"Slc8a1","fpkm_WT_LPS_3",3.50462039240355,"Group_B","LPS"
"Slc8a1","fpkm_WT_LPS_4",3.52230689287139,"Group_B","LPS"
"Slc8a1","fpkm_WT_LPS_5",3.52857131887076,"Group_B","LPS"
"Slc8a1","fpkm_WT_PBS_1",4.33699741660501,"Group_A","PBS"
"Slc8a1","fpkm_WT_PBS_2",4.56742375770728,"Group_A","PBS"
"Slc8a1","fpkm_WT_PBS_3",4.10685079645022,"Group_A","PBS"
"Slc8a1","fpkm_WT_PBS_4",4.12763327972587,"Group_A","PBS"
"Slc8a1","fpkm_WT_PBS_5",4.82984955984469,"Group_A","PBS"
"Atp2a2","fpkm_WT_LPS_1",11.4484931951092,"Group_B","LPS"
"Atp2a2","fpkm_WT_LPS_2",11.2390435398055,"Group_B","LPS"
"Atp2a2","fpkm_WT_LPS_3",11.2359244692693,"Group_B","LPS"
"Atp2a2","fpkm_WT_LPS_4",11.4163383672436,"Group_B","LPS"
"Atp2a2","fpkm_WT_LPS_5",11.3968134645549,"Group_B","LPS"
"Atp2a2","fpkm_WT_PBS_1",11.8625172571081,"Group_A","PBS"
"Atp2a2","fpkm_WT_PBS_2",11.9146841053284,"Group_A","PBS"
"Atp2a2","fpkm_WT_PBS_3",11.6124400472185,"Group_A","PBS"
"Atp2a2","fpkm_WT_PBS_4",11.7075316929376,"Group_A","PBS"
"Atp2a2","fpkm_WT_PBS_5",11.7320444393626,"Group_A","PBS"
"Camk2d","fpkm_WT_LPS_1",5.64846544302731,"Group_B","LPS"
"Camk2d","fpkm_WT_LPS_2",5.54843662469604,"Group_B","LPS"
"Camk2d","fpkm_WT_LPS_3",5.60436789989375,"Group_B","LPS"
"Camk2d","fpkm_WT_LPS_4",5.49729300866279,"Group_B","LPS"
"Camk2d","fpkm_WT_LPS_5",5.4715126480455,"Group_B","LPS"
"Camk2d","fpkm_WT_PBS_1",5.08406426478847,"Group_A","PBS"
"Camk2d","fpkm_WT_PBS_2",5.02458563827827,"Group_A","PBS"
"Camk2d","fpkm_WT_PBS_3",4.64443315240625,"Group_A","PBS"
"Camk2d","fpkm_WT_PBS_4",4.65992455840238,"Group_A","PBS"
"Camk2d","fpkm_WT_PBS_5",5.09465834265454,"Group_A","PBS"
"Calm1","fpkm_WT_LPS_1",5.6906964439777,"Group_B","LPS"
"Calm1","fpkm_WT_LPS_2",5.86096279785812,"Group_B","LPS"
"Calm1","fpkm_WT_LPS_3",5.93215568443206,"Group_B","LPS"
"Calm1","fpkm_WT_LPS_4",5.93593113975227,"Group_B","LPS"
"Calm1","fpkm_WT_LPS_5",6.03320272593722,"Group_B","LPS"
"Calm1","fpkm_WT_PBS_1",6.4867143730307,"Group_A","PBS"
"Calm1","fpkm_WT_PBS_2",6.29829173062012,"Group_A","PBS"
"Calm1","fpkm_WT_PBS_3",6.2861418728343,"Group_A","PBS"
"Calm1","fpkm_WT_PBS_4",6.46123386127128,"Group_A","PBS"
"Calm1","fpkm_WT_PBS_5",6.42256941086083,"Group_A","PBS"
"Calm2","fpkm_WT_LPS_1",6.84862294042934,"Group_B","LPS"
"Calm2","fpkm_WT_LPS_2",7.43220780786297,"Group_B","LPS"
"Calm2","fpkm_WT_LPS_3",7.0232553523003,"Group_B","LPS"
"Calm2","fpkm_WT_LPS_4",6.88252078188934,"Group_B","LPS"
"Calm2","fpkm_WT_LPS_5",6.97556140627362,"Group_B","LPS"
"Calm2","fpkm_WT_PBS_1",7.01312722979982,"Group_A","PBS"
"Calm2","fpkm_WT_PBS_2",6.93805049953404,"Group_A","PBS"
"Calm2","fpkm_WT_PBS_3",6.77386449388333,"Group_A","PBS"
"Calm2","fpkm_WT_PBS_4",7.22814527566778,"Group_A","PBS"
"Calm2","fpkm_WT_PBS_5",7.52950864107431,"Group_A","PBS"
"Calm3","fpkm_WT_LPS_1",6.11374216604919,"Group_B","LPS"
"Calm3","fpkm_WT_LPS_2",6.12039341559244,"Group_B","LPS"
"Calm3","fpkm_WT_LPS_3",6.16510798514454,"Group_B","LPS"
"Calm3","fpkm_WT_LPS_4",6.25171909260596,"Group_B","LPS"
"Calm3","fpkm_WT_LPS_5",5.98162436069636,"Group_B","LPS"
"Calm3","fpkm_WT_PBS_1",6.80128801677891,"Group_A","PBS"
"Calm3","fpkm_WT_PBS_2",6.76434084667018,"Group_A","PBS"
"Calm3","fpkm_WT_PBS_3",6.64947175718163,"Group_A","PBS"
"Calm3","fpkm_WT_PBS_4",6.67779010121666,"Group_A","PBS"
"Calm3","fpkm_WT_PBS_5",6.72696741670603,"Group_A","PBS"
"Pld6","fpkm_WT_LPS_1",0,"Group_B","LPS"
"Pld6","fpkm_WT_LPS_2",0.070389327891398,"Group_B","LPS"
"Pld6","fpkm_WT_LPS_3",0.070389327891398,"Group_B","LPS"
"Pld6","fpkm_WT_LPS_4",0.070389327891398,"Group_B","LPS"
"Pld6","fpkm_WT_LPS_5",0.150559676575381,"Group_B","LPS"
"Pld6","fpkm_WT_PBS_1",0.782408564927373,"Group_A","PBS"
"Pld6","fpkm_WT_PBS_2",0.454175893185802,"Group_A","PBS"
"Pld6","fpkm_WT_PBS_3",0.189033824390017,"Group_A","PBS"
"Pld6","fpkm_WT_PBS_4",0.31034012061215,"Group_A","PBS"
"Pld6","fpkm_WT_PBS_5",0.286881147788162,"Group_A","PBS"
"Cpt1a","fpkm_WT_LPS_1",3.97269265400426,"Group_B","LPS"
"Cpt1a","fpkm_WT_LPS_2",3.76977173924945,"Group_B","LPS"
"Cpt1a","fpkm_WT_LPS_3",3.9297909977186,"Group_B","LPS"
"Cpt1a","fpkm_WT_LPS_4",3.96532254836725,"Group_B","LPS"
"Cpt1a","fpkm_WT_LPS_5",3.97269265400426,"Group_B","LPS"
"Cpt1a","fpkm_WT_PBS_1",3.91934008244201,"Group_A","PBS"
"Cpt1a","fpkm_WT_PBS_2",4.10181813422741,"Group_A","PBS"
"Cpt1a","fpkm_WT_PBS_3",4.799087306074,"Group_A","PBS"
"Cpt1a","fpkm_WT_PBS_4",3.76871365703048,"Group_A","PBS"
"Cpt1a","fpkm_WT_PBS_5",3.54349588342577,"Group_A","PBS"
"Cpt1b","fpkm_WT_LPS_1",7.81224149518948,"Group_B","LPS"
"Cpt1b","fpkm_WT_LPS_2",7.4317900833788,"Group_B","LPS"
"Cpt1b","fpkm_WT_LPS_3",7.57364718749332,"Group_B","LPS"
"Cpt1b","fpkm_WT_LPS_4",7.76195007916154,"Group_B","LPS"
"Cpt1b","fpkm_WT_LPS_5",7.79083718699795,"Group_B","LPS"
"Cpt1b","fpkm_WT_PBS_1",8.14144300943799,"Group_A","PBS"
"Cpt1b","fpkm_WT_PBS_2",8.13057056280543,"Group_A","PBS"
"Cpt1b","fpkm_WT_PBS_3",8.22843392051337,"Group_A","PBS"
"Cpt1b","fpkm_WT_PBS_4",7.71527564626461,"Group_A","PBS"
"Cpt1b","fpkm_WT_PBS_5",7.6651226952658,"Group_A","PBS"
"Acsl4","fpkm_WT_LPS_1",3.09254574154357,"Group_B","LPS"
"Acsl4","fpkm_WT_LPS_2",3.80219321694183,"Group_B","LPS"
"Acsl4","fpkm_WT_LPS_3",3.46597446450407,"Group_B","LPS"
"Acsl4","fpkm_WT_LPS_4",3.25247621413522,"Group_B","LPS"
"Acsl4","fpkm_WT_LPS_5",3.43162295971329,"Group_B","LPS"
"Acsl4","fpkm_WT_PBS_1",2.3305584000308,"Group_A","PBS"
"Acsl4","fpkm_WT_PBS_2",2.48542682717024,"Group_A","PBS"
"Acsl4","fpkm_WT_PBS_3",2.611172380044,"Group_A","PBS"
"Acsl4","fpkm_WT_PBS_4",2.73984810269933,"Group_A","PBS"
"Acsl4","fpkm_WT_PBS_5",2.790772037862,"Group_A","PBS"
"Lpin1","fpkm_WT_LPS_1",3.18428029441938,"Group_B","LPS"
"Lpin1","fpkm_WT_LPS_2",2.86789646399265,"Group_B","LPS"
"Lpin1","fpkm_WT_LPS_3",2.6507645591169,"Group_B","LPS"
"Lpin1","fpkm_WT_LPS_4",3.22032995487956,"Group_B","LPS"
"Lpin1","fpkm_WT_LPS_5",2.83995958748953,"Group_B","LPS"
"Lpin1","fpkm_WT_PBS_1",5.43796008833447,"Group_A","PBS"
"Lpin1","fpkm_WT_PBS_2",5.35720008486005,"Group_A","PBS"
"Lpin1","fpkm_WT_PBS_3",4.95233356636969,"Group_A","PBS"
"Lpin1","fpkm_WT_PBS_4",5.24336442569366,"Group_A","PBS"
"Lpin1","fpkm_WT_PBS_5",5.23802251782572,"Group_A","PBS"
"Dgat2","fpkm_WT_LPS_1",7.58548838742921,"Group_B","LPS"
"Dgat2","fpkm_WT_LPS_2",7.55328369682742,"Group_B","LPS"
"Dgat2","fpkm_WT_LPS_3",7.34881666041441,"Group_B","LPS"
"Dgat2","fpkm_WT_LPS_4",7.56468301696364,"Group_B","LPS"
"Dgat2","fpkm_WT_LPS_5",7.3387809438947,"Group_B","LPS"
"Dgat2","fpkm_WT_PBS_1",7.9205315062779,"Group_A","PBS"
"Dgat2","fpkm_WT_PBS_2",7.61294219630467,"Group_A","PBS"
"Dgat2","fpkm_WT_PBS_3",7.39137249163957,"Group_A","PBS"
"Dgat2","fpkm_WT_PBS_4",7.3389591754152,"Group_A","PBS"
"Dgat2","fpkm_WT_PBS_5",7.25502856981873,"Group_A","PBS"
"Osbpl5","fpkm_WT_LPS_1",2.85996954822103,"Group_B","LPS"
"Osbpl5","fpkm_WT_LPS_2",2.57773093149008,"Group_B","LPS"
"Osbpl5","fpkm_WT_LPS_3",3.15218341905505,"Group_B","LPS"
"Osbpl5","fpkm_WT_LPS_4",2.87970576628229,"Group_B","LPS"
"Osbpl5","fpkm_WT_LPS_5",3.03210084316702,"Group_B","LPS"
"Osbpl5","fpkm_WT_PBS_1",2.89336221076387,"Group_A","PBS"
"Osbpl5","fpkm_WT_PBS_2",3.12928301694497,"Group_A","PBS"
"Osbpl5","fpkm_WT_PBS_3",3.06522762277562,"Group_A","PBS"
"Osbpl5","fpkm_WT_PBS_4",2.88752527074159,"Group_A","PBS"
"Osbpl5","fpkm_WT_PBS_5",2.87578006306849,"Group_A","PBS"
"Pla2g6","fpkm_WT_LPS_1",2.39231742277876,"Group_B","LPS"
"Pla2g6","fpkm_WT_LPS_2",1.79493566280354,"Group_B","LPS"
"Pla2g6","fpkm_WT_LPS_3",2.30742852519225,"Group_B","LPS"
"Pla2g6","fpkm_WT_LPS_4",2.36737106564853,"Group_B","LPS"
"Pla2g6","fpkm_WT_LPS_5",2.34482849699744,"Group_B","LPS"
"Pla2g6","fpkm_WT_PBS_1",1.98550043030488,"Group_A","PBS"
"Pla2g6","fpkm_WT_PBS_2",2.20789285164133,"Group_A","PBS"
"Pla2g6","fpkm_WT_PBS_3",2.49825086752783,"Group_A","PBS"
"Pla2g6","fpkm_WT_PBS_4",1.8073549220576,"Group_A","PBS"
"Pla2g6","fpkm_WT_PBS_5",1.98185265328974,"Group_A","PBS"
"Dnm1l","fpkm_WT_LPS_1",4.94579495674006,"Group_B","LPS"
"Dnm1l","fpkm_WT_LPS_2",5.15906400881055,"Group_B","LPS"
"Dnm1l","fpkm_WT_LPS_3",4.89044669267991,"Group_B","LPS"
"Dnm1l","fpkm_WT_LPS_4",5.06307144984268,"Group_B","LPS"
"Dnm1l","fpkm_WT_LPS_5",5.02192383855476,"Group_B","LPS"
"Dnm1l","fpkm_WT_PBS_1",5.61500424163503,"Group_A","PBS"
"Dnm1l","fpkm_WT_PBS_2",5.43362716708478,"Group_A","PBS"
"Dnm1l","fpkm_WT_PBS_3",5.15137177625395,"Group_A","PBS"
"Dnm1l","fpkm_WT_PBS_4",5.44393811501318,"Group_A","PBS"
"Dnm1l","fpkm_WT_PBS_5",5.83769100042856,"Group_A","PBS"
"Opa1","fpkm_WT_LPS_1",4.85947266685194,"Group_B","LPS"
"Opa1","fpkm_WT_LPS_2",4.72410451986685,"Group_B","LPS"
"Opa1","fpkm_WT_LPS_3",4.55336050333533,"Group_B","LPS"
"Opa1","fpkm_WT_LPS_4",4.85249829878989,"Group_B","LPS"
"Opa1","fpkm_WT_LPS_5",4.73226919950145,"Group_B","LPS"
"Opa1","fpkm_WT_PBS_1",5.27015513876653,"Group_A","PBS"
"Opa1","fpkm_WT_PBS_2",5.44028782084042,"Group_A","PBS"
"Opa1","fpkm_WT_PBS_3",5.15340002773506,"Group_A","PBS"
"Opa1","fpkm_WT_PBS_4",5.13298804262744,"Group_A","PBS"
"Opa1","fpkm_WT_PBS_5",5.26716121802226,"Group_A","PBS"
"Mff","fpkm_WT_LPS_1",6.17712050284652,"Group_B","LPS"
"Mff","fpkm_WT_LPS_2",6.33073765020695,"Group_B","LPS"
"Mff","fpkm_WT_LPS_3",6.12060077384517,"Group_B","LPS"
"Mff","fpkm_WT_LPS_4",6.06177619758669,"Group_B","LPS"
"Mff","fpkm_WT_LPS_5",6.10433665981474,"Group_B","LPS"
"Mff","fpkm_WT_PBS_1",6.52919626799939,"Group_A","PBS"
"Mff","fpkm_WT_PBS_2",6.37382218722165,"Group_A","PBS"
"Mff","fpkm_WT_PBS_3",6.19140472885276,"Group_A","PBS"
"Mff","fpkm_WT_PBS_4",6.60629416069771,"Group_A","PBS"
"Mff","fpkm_WT_PBS_5",6.58240546354078,"Group_A","PBS"
"Pink1","fpkm_WT_LPS_1",8.4293230439424,"Group_B","LPS"
"Pink1","fpkm_WT_LPS_2",8.39038394689291,"Group_B","LPS"
"Pink1","fpkm_WT_LPS_3",8.42550965856273,"Group_B","LPS"
"Pink1","fpkm_WT_LPS_4",8.26847182291237,"Group_B","LPS"
"Pink1","fpkm_WT_LPS_5",8.28618808861894,"Group_B","LPS"
"Pink1","fpkm_WT_PBS_1",8.44567705027084,"Group_A","PBS"
"Pink1","fpkm_WT_PBS_2",8.46854258994595,"Group_A","PBS"
"Pink1","fpkm_WT_PBS_3",8.56090597665826,"Group_A","PBS"
"Pink1","fpkm_WT_PBS_4",8.47913353307985,"Group_A","PBS"
"Pink1","fpkm_WT_PBS_5",8.27034205268023,"Group_A","PBS"
"Prkn","fpkm_WT_LPS_1",2.18269229751619,"Group_B","LPS"
"Prkn","fpkm_WT_LPS_2",1.88362081628567,"Group_B","LPS"
"Prkn","fpkm_WT_LPS_3",1.59931779369823,"Group_B","LPS"
"Prkn","fpkm_WT_LPS_4",1.99638874644762,"Group_B","LPS"
"Prkn","fpkm_WT_LPS_5",1.91838623444635,"Group_B","LPS"
"Prkn","fpkm_WT_PBS_1",2.01077983875324,"Group_A","PBS"
"Prkn","fpkm_WT_PBS_2",2.21723071622067,"Group_A","PBS"
"Prkn","fpkm_WT_PBS_3",1.97452931248388,"Group_A","PBS"
"Prkn","fpkm_WT_PBS_4",1.67355642399014,"Group_A","PBS"
"Prkn","fpkm_WT_PBS_5",1.79493566280354,"Group_A","PBS"
"Bnip3","fpkm_WT_LPS_1",8.02059109477325,"Group_B","LPS"
"Bnip3","fpkm_WT_LPS_2",8.29503420095922,"Group_B","LPS"
"Bnip3","fpkm_WT_LPS_3",8.23983716874035,"Group_B","LPS"
"Bnip3","fpkm_WT_LPS_4",7.94122371299238,"Group_B","LPS"
"Bnip3","fpkm_WT_LPS_5",8.10145048163113,"Group_B","LPS"
"Bnip3","fpkm_WT_PBS_1",7.1149916133336,"Group_A","PBS"
"Bnip3","fpkm_WT_PBS_2",7.3710360522997,"Group_A","PBS"
"Bnip3","fpkm_WT_PBS_3",8.45779126025604,"Group_A","PBS"
"Bnip3","fpkm_WT_PBS_4",7.6191928918373,"Group_A","PBS"
"Bnip3","fpkm_WT_PBS_5",7.4988890869768,"Group_A","PBS"
"Fundc1","fpkm_WT_LPS_1",3.66448284036468,"Group_B","LPS"
"Fundc1","fpkm_WT_LPS_2",3.85598969730848,"Group_B","LPS"
"Fundc1","fpkm_WT_LPS_3",3.55704241526372,"Group_B","LPS"
"Fundc1","fpkm_WT_LPS_4",3.63575439127776,"Group_B","LPS"
"Fundc1","fpkm_WT_LPS_5",3.7279204545632,"Group_B","LPS"
"Fundc1","fpkm_WT_PBS_1",4.02147972741045,"Group_A","PBS"
"Fundc1","fpkm_WT_PBS_2",4.05398016818765,"Group_A","PBS"
"Fundc1","fpkm_WT_PBS_3",3.73660487531425,"Group_A","PBS"
"Fundc1","fpkm_WT_PBS_4",4.22032995487956,"Group_A","PBS"
"Fundc1","fpkm_WT_PBS_5",4.45285896471381,"Group_A","PBS"
"Slc25a4","fpkm_WT_LPS_1",12.095265143361,"Group_B","LPS"
"Slc25a4","fpkm_WT_LPS_2",12.2009445695263,"Group_B","LPS"
"Slc25a4","fpkm_WT_LPS_3",11.9048641401798,"Group_B","LPS"
"Slc25a4","fpkm_WT_LPS_4",12.0793714438125,"Group_B","LPS"
"Slc25a4","fpkm_WT_LPS_5",11.9377967819734,"Group_B","LPS"
"Slc25a4","fpkm_WT_PBS_1",12.3120065240934,"Group_A","PBS"
"Slc25a4","fpkm_WT_PBS_2",12.140206683332,"Group_A","PBS"
"Slc25a4","fpkm_WT_PBS_3",12.0304602339772,"Group_A","PBS"
"Slc25a4","fpkm_WT_PBS_4",12.4715329698406,"Group_A","PBS"
"Slc25a4","fpkm_WT_PBS_5",12.3990322020963,"Group_A","PBS"
